{
  "name": "core-localstorage",
  "private": true,
  "dependencies": {
    "polymer": "Polymer/polymer#^0.5"
  },
  "devDependencies": {
    "web-component-tester": "Polymer/web-component-tester#^1.1.0"
  },
  "version": "0.5.6",
  "homepage": "https://github.com/Polymer/core-localstorage",
  "_release": "0.5.6",
  "_resolution": {
    "type": "version",
    "tag": "0.5.6",
    "commit": "89b0ebb3264c2d0c3e4e24609d0b22951c592f8b"
  },
  "_source": "git://github.com/Polymer/core-localstorage.git",
  "_target": "^0.5.4",
  "_originalSource": "Polymer/core-localstorage"
}